<?xml version="1.0" encoding="UTF-8"?>
<configuration debug="false">
<!--  定义邮件账号密码 -->
<property name="smtpHost" value="smtp.qq.com" />  
<property name="smtpPort" value="587" />  
<property name="username" value="979567791" /> 
<property name="email_to" value="979567791@qq.com" />
<property name="password" value="xfywzszmhfddbbeb" />
<property name="SSL" value="true" />
<property name="email_subject" value="预警" />  
<!--定义日志文件的存储地址 勿在 LogBack 的配置中使用相对路径-->
<property name="LOG_HOME" value="E:/CONTACTS/logs" />
<!-- 控制台输出 -->
<appender name="STDOUT" class="ch.qos.logback.core.ConsoleAppender">
<encoder class="ch.qos.logback.classic.encoder.PatternLayoutEncoder">
<!--格式化输出：%d表示日期，%thread表示线程名，%-5level：级别从左显示5个字符宽度%msg：日志消息，%n是换行符-->
<pattern>%d{yyyy-MM-dd HH:mm:ss.SSS} [%thread] %-5level %logger{50} - %msg%n</pattern>
</encoder>
</appender>
<!-- 按照每天生成错误日志文件 -->
<appender name="ERRORFILE" class="ch.qos.logback.core.rolling.RollingFileAppender">
<rollingPolicy class="ch.qos.logback.core.rolling.TimeBasedRollingPolicy">
<!--日志文件输出的文件名-->
<FileNamePattern>${LOG_HOME}/ERROR.log.%d{yyyy-MM-dd}.log</FileNamePattern>
<!--日志文件保留天数-->
<MaxHistory>30</MaxHistory>
</rollingPolicy>
<encoder class="ch.qos.logback.classic.encoder.PatternLayoutEncoder">
<!--格式化输出：%d表示日期，%thread表示线程名，%-5level：级别从左显示5个字符宽度%msg：日志消息，%n是换行符-->
<pattern>%d{yyyy-MM-dd HH:mm:ss.SSS} [%thread] %-5level %logger{50} - %msg%n</pattern>
</encoder>
<!--日志文件最大的大小-->
<triggeringPolicy class="ch.qos.logback.core.rolling.SizeBasedTriggeringPolicy">
<MaxFileSize>10MB</MaxFileSize>
</triggeringPolicy>
<!-- 只打印错误日志 -->  
<filter class="ch.qos.logback.classic.filter.LevelFilter">
    <level>ERROR</level>  
    <onMatch>ACCEPT</onMatch>  
    <onMismatch>DENY</onMismatch>  
</filter>
</appender>
<!-- 按照每天生成信息日志文件 -->
<appender name="INFOFILE" class="ch.qos.logback.core.rolling.RollingFileAppender">
<rollingPolicy class="ch.qos.logback.core.rolling.TimeBasedRollingPolicy">
<!--日志文件输出的文件名-->
<FileNamePattern>${LOG_HOME}/INFO.log.%d{yyyy-MM-dd}.log</FileNamePattern>
<!--日志文件保留天数-->
<MaxHistory>30</MaxHistory>
</rollingPolicy>
<encoder class="ch.qos.logback.classic.encoder.PatternLayoutEncoder">
<!--格式化输出：%d表示日期，%thread表示线程名，%-5level：级别从左显示5个字符宽度%msg：日志消息，%n是换行符-->
<pattern>%d{yyyy-MM-dd HH:mm:ss.SSS} [%thread] %-5level %logger{50} - %msg%n</pattern>
</encoder>
<!--日志文件最大的大小-->
<triggeringPolicy class="ch.qos.logback.core.rolling.SizeBasedTriggeringPolicy">
<MaxFileSize>10MB</MaxFileSize>
</triggeringPolicy>
<!-- 只打印信息日志 -->  
<filter class="ch.qos.logback.classic.filter.LevelFilter">
    <level>INFO</level>  
    <onMatch>ACCEPT</onMatch>  
    <onMismatch>DENY</onMismatch>  
</filter>
</appender>
<!-- 按照每天生成警告日志文件 -->
<appender name="WARNFILE" class="ch.qos.logback.core.rolling.RollingFileAppender">
<rollingPolicy class="ch.qos.logback.core.rolling.TimeBasedRollingPolicy">
<!--日志文件输出的文件名-->
<FileNamePattern>${LOG_HOME}/WARN.log.%d{yyyy-MM-dd}.log</FileNamePattern>
<!--日志文件保留天数-->
<MaxHistory>30</MaxHistory>
</rollingPolicy>
<encoder class="ch.qos.logback.classic.encoder.PatternLayoutEncoder">
<!--格式化输出：%d表示日期，%thread表示线程名，%-5level：级别从左显示5个字符宽度%msg：日志消息，%n是换行符-->
<pattern>%d{yyyy-MM-dd HH:mm:ss.SSS} [%thread] %-5level %logger{50} - %msg%n</pattern>
</encoder>
<!--日志文件最大的大小-->
<triggeringPolicy class="ch.qos.logback.core.rolling.SizeBasedTriggeringPolicy">
<MaxFileSize>10MB</MaxFileSize>
</triggeringPolicy>
<!-- 只打印信息日志 -->  
<filter class="ch.qos.logback.classic.filter.LevelFilter">
    <level>WARN</level>  
    <onMatch>ACCEPT</onMatch>  
    <onMismatch>DENY</onMismatch>  
</filter>
</appender>
<!-- 邮件 -->
<appender name="EMAIL" class="ch.qos.logback.classic.net.SMTPAppender">  
    <smtpHost>${smtpHost}</smtpHost>  
    <smtpPort>${smtpPort}</smtpPort>  
    <username>${username}</username>  
    <password>${password}</password>  
    <!-- <SSL>true</SSL>   -->
    <STARTTLS>true</STARTTLS>
    <to>${email_to}</to>  
    <from>${email_to}</from>  
    <subject>${email_subject}</subject>  
    <asynchronousSending>false</asynchronousSending>
    <layout class="ch.qos.logback.classic.PatternLayout">
      <pattern>%date %X{ip}  %-5level %logger{35} - %message%n</pattern>
    </layout>
</appender>

<!-- 日志输出级别 -->
<root level="INFO">
<appender-ref ref="STDOUT" />
<!-- <appender-ref ref="EMAIL" /> -->
<appender-ref ref="ERRORFILE" />
<appender-ref ref="INFOFILE" />
<appender-ref ref="WARNFILE" />
</root>
</configuration>